<?xml version="1.0" encoding="UTF-8"?>
<uptime xmlns:xsi="http://www.w3.org/2001/XMLSchema-instance"
	xsi:schemaLocation="http://www.uptimesoftware.com/erdc/erdc erdc"
	xmlns="http://www.uptimesoftware.com/erdc/erdc"
	xmlns:upt="http://www.uptimesoftware.com/erdc/erdc" version="4.0" target_grouping="other">
	<class>Solaris Zone Workload</class>
	<exec>com.uptimesoftware.uptime.erdc.MonitorCustomScriptRunner</exec>
	<elements>
		<element name="process" parameter_type="input" data_type="string" gui_basic="1" range_type="0">
			<control_options> size:40 </control_options>
			<default_value>scripts/MonitorSolarisZoneWorkload/solaris_zone_workload.sh</default_value>
			<short_description>Script Name</short_description>
			<long_description>Name of the script/binary/process to be executed by up.time </long_description>
			<validation_rule>
				<alphanumeric/>
			</validation_rule>
			<error_message>
				<alphanumeric>required field</alphanumeric>
			</error_message>
			<gui_type>
				<string/>
			</gui_type>
		</element>
		<element name="port" parameter_type="input" data_type="decimal" gui_basic="1"
			range_type="0" units="">
			<control_options>size:4</control_options>
			<default_value> 9998 </default_value>
			<short_description>Agent Port</short_description>
			<long_description>up.time agent port (default is 9998)</long_description>
			<validation_rule/>
			<error_message/>
			<gui_type>
				<decimal/>
			</gui_type>
		</element>
		<element name="password" parameter_type="input" data_type="string" gui_basic="1" range_type="0">
			<control_options> size:40 </control_options>
			<default_value/>
			<short_description> Agent Password </short_description>
			<long_description> Agent Password </long_description>
			<validation_rule>
				<alphanumeric/>
			</validation_rule>
			<error_message>
				<alphanumeric>required field</alphanumeric>
			</error_message>
			<gui_type>
				<password/>
			</gui_type>
		</element>
		<element name="remote_script" parameter_type="input" data_type="string" gui_basic="1" range_type="0">
			<control_options> size:40 </control_options>
			<default_value>/opt/uptime-agent/scripts/zone_workload.sh</default_value>
			<short_description>Remote Zone Workload Script Name</short_description>
			<long_description>Name of the Solaris Zone Workload script residing on the remote Solaris server (Default is "/opt/uptime-agent/scripts/zone_workload.sh") </long_description>
			<validation_rule>
				<alphanumeric/>
			</validation_rule>
			<error_message>
				<alphanumeric>required field</alphanumeric>
			</error_message>
			<gui_type>
				<string/>
			</gui_type>
		</element>
		<element name="zones_running" parameter_type="output" data_type="integer" gui_basic="1"
			range_type="0" units="int">
			<control_options>size:8</control_options>
			<default_value/>
			<short_description>Zones Running</short_description>
			<long_description>Zones Running</long_description>
			<validation_rule/>
			<error_message/>
			<gui_type>
				<integer/>
			</gui_type>
		</element>
		<element name="cpu" parameter_type="output" data_type="ranged" gui_basic="1"
			range_type="0" units="%">
			<control_options>size:8</control_options>
			<default_value/>
			<short_description>CPU</short_description>
			<long_description>CPU</long_description>
			<validation_rule/>
			<error_message/>
			<gui_type>
				<decimal/>
			</gui_type>
		</element>
		<element name="mem" parameter_type="output" data_type="ranged" gui_basic="1"
			range_type="0" units="KB">
			<control_options>size:8</control_options>
			<default_value/>
			<short_description>Memory</short_description>
			<long_description>Memory</long_description>
			<validation_rule/>
			<error_message/>
			<gui_type>
				<decimal/>
			</gui_type>
		</element>
		<element name="rss" parameter_type="output" data_type="ranged" gui_basic="1"
			range_type="0" units="KB">
			<control_options>size:8</control_options>
			<default_value/>
			<short_description>RSS Memory</short_description>
			<long_description>RSS Memory</long_description>
			<validation_rule/>
			<error_message/>
			<gui_type>
				<decimal/>
			</gui_type>
		</element>
		<element name="procs" parameter_type="output" data_type="ranged" gui_basic="1"
			range_type="0" units="num">
			<control_options>size:8</control_options>
			<default_value/>
			<short_description>Number of Processes Running</short_description>
			<long_description>Number of Processes Running</long_description>
			<validation_rule/>
			<error_message/>
			<gui_type>
				<decimal/>
			</gui_type>
		</element>
		<element name="timer" parameter_type="output" data_type="integer" gui_basic="0"
			range_type="0" units="ms">
			<control_options>size:8</control_options>
			<default_value/>
			<short_description>Response time</short_description>
			<long_description>Time it takes to execute the monitor</long_description>
			<validation_rule/>
			<error_message/>
			<gui_type>
				<integer/>
			</gui_type>
		</element>
	</elements>
	<help>When running a custom script check, note that the second parameter is always the name of the assigned host.
	The script that's executed should output each variable on it's own line, otherwise up.time won't be able to capture the appropriate information.</help>
</uptime>
